{"cameraMode":{"drawMode":0,"name":"Shaded","section":"Shading Mode"},"sceneLighting":true,"audioPlay":false,"sceneViewState":{"showFog":true,"showMaterialUpdate":true,"showSkybox":true,"showFlares":true,"showImageEffects":true,"showParticleSystems":true},"in2DMode":false,"pivot":{"x":-1.5,"y":1.8382916450500489,"z":-10.471322059631348},"rotation":{"x":0.01648206263780594,"y":0.045579779893159869,"z":-0.0007521645165979862,"w":0.99882572889328},"size":0.903766930103302,"orthographic":true}