{"cameraMode":{"drawMode":0,"name":"Shaded","section":"Shading Mode"},"sceneLighting":true,"audioPlay":false,"sceneViewState":{"showFog":true,"showMaterialUpdate":true,"showSkybox":true,"showFlares":true,"showImageEffects":true,"showParticleSystems":true},"in2DMode":false,"pivot":{"x":0.6652140617370606,"y":1.4415651559829713,"z":-0.1359100341796875},"rotation":{"x":0.3608379662036896,"y":-0.6034936308860779,"z":0.35270455479621889,"w":0.6174101829528809},"size":0.2843775153160095,"orthographic":true}