{"cameraMode":{"drawMode":0,"name":"Shaded","section":"Shading Mode"},"sceneLighting":true,"audioPlay":false,"sceneViewState":{"showFog":true,"showMaterialUpdate":true,"showSkybox":true,"showFlares":true,"showImageEffects":true,"showParticleSystems":true},"in2DMode":false,"pivot":{"x":-10.91840648651123,"y":0.5164119005203247,"z":-9.102519989013672},"rotation":{"x":0.25879940390586855,"y":0.028973402455449106,"z":-0.007765333168208599,"w":0.9654713869094849},"size":5.528969764709473,"orthographic":false}